{"cameraMode":{"drawMode":0,"name":"Shaded","section":"Shading Mode"},"sceneLighting":false,"audioPlay":false,"sceneViewState":{"showFog":true,"showMaterialUpdate":true,"showSkybox":false,"showFlares":true,"showImageEffects":true,"showParticleSystems":true},"in2DMode":false,"pivot":{"x":-0.2390119731426239,"y":0.06747904419898987,"z":-0.8193157315254211},"rotation":{"x":-0.20183885097503663,"y":-0.6501147150993347,"z":0.1852644681930542,"w":-0.708955705165863},"size":1.1216113567352296,"orthographic":false}