{"cameraMode":{"drawMode":0,"name":"Shaded","section":"Shading Mode"},"sceneLighting":false,"audioPlay":false,"sceneViewState":{"showFog":true,"showMaterialUpdate":false,"showSkybox":false,"showFlares":true,"showImageEffects":true,"showParticleSystems":true},"in2DMode":false,"pivot":{"x":-0.042986899614334109,"y":0.052339449524879459,"z":-0.6269956827163696},"rotation":{"x":-0.07878883928060532,"y":0.24811863899230958,"z":-0.017651084810495378,"w":-0.9654313325881958},"size":1.1692860126495362,"orthographic":false}