{"cameraMode":{"drawMode":0,"name":"Shaded","section":"Shading Mode"},"sceneLighting":false,"audioPlay":false,"sceneViewState":{"showFog":true,"showMaterialUpdate":false,"showSkybox":false,"showFlares":true,"showImageEffects":true,"showParticleSystems":true},"in2DMode":false,"pivot":{"x":0.20486953854560853,"y":0.5690490007400513,"z":0.05234633386135101},"rotation":{"x":-0.013741501607000828,"y":-0.9947074055671692,"z":0.10084399580955506,"w":0.014136244542896748},"size":2.967996120452881,"orthographic":false}