{"cameraMode":{"drawMode":0,"name":"Shaded","section":"Shading Mode"},"sceneLighting":false,"audioPlay":false,"sceneViewState":{"showFog":true,"showMaterialUpdate":true,"showSkybox":false,"showFlares":true,"showImageEffects":true,"showParticleSystems":true},"in2DMode":false,"pivot":{"x":-5.416906356811523,"y":0.8375949263572693,"z":5.730191707611084},"rotation":{"x":-0.19756276905536652,"y":-0.6829122304916382,"z":0.2000710666179657,"w":-0.674431324005127},"size":0.44647982716560366,"orthographic":false}