{"cameraMode":{"drawMode":0,"name":"Shaded","section":"Shading Mode"},"sceneLighting":false,"audioPlay":false,"sceneViewState":{"showFog":true,"showMaterialUpdate":false,"showSkybox":false,"showFlares":true,"showImageEffects":true,"showParticleSystems":true},"in2DMode":false,"pivot":{"x":10.059765815734864,"y":0.5201804041862488,"z":-7.702542781829834},"rotation":{"x":0.0908517837524414,"y":0.8275632262229919,"z":-0.14542743563652039,"w":0.5347660779953003},"size":8.505331039428711,"orthographic":false}