{"cameraMode":{"drawMode":0,"name":"Shaded","section":"Shading Mode"},"sceneLighting":false,"audioPlay":false,"sceneViewState":{"showFog":true,"showMaterialUpdate":true,"showSkybox":false,"showFlares":true,"showImageEffects":true,"showParticleSystems":true},"in2DMode":false,"pivot":{"x":-0.2390119582414627,"y":0.06745439767837525,"z":0.04924026131629944},"rotation":{"x":0.101370669901371,"y":-0.5596663355827332,"z":0.06913762539625168,"w":0.8197182416915894},"size":1.1216930150985718,"orthographic":false}