{"cameraMode":{"drawMode":0,"name":"Shaded","section":"Shading Mode"},"sceneLighting":false,"audioPlay":false,"sceneViewState":{"showFog":true,"showMaterialUpdate":false,"showSkybox":false,"showFlares":true,"showImageEffects":true,"showParticleSystems":true},"in2DMode":false,"pivot":{"x":-0.7108060121536255,"y":1.8261237144470215,"z":0.8584799766540527},"rotation":{"x":-0.014601847156882286,"y":-0.9938726425170898,"z":0.10966797918081284,"w":0.005315061192959547},"size":7.982112884521484,"orthographic":false}