{"cameraMode":{"drawMode":0,"name":"Shaded","section":"Shading Mode"},"sceneLighting":false,"audioPlay":false,"sceneViewState":{"showFog":true,"showMaterialUpdate":false,"showSkybox":false,"showFlares":true,"showImageEffects":true,"showParticleSystems":true},"in2DMode":false,"pivot":{"x":-0.042986899614334109,"y":0.06747904419898987,"z":-0.5407554507255554},"rotation":{"x":0.12052679806947708,"y":0.5128082036972046,"z":-0.07587774842977524,"w":0.8472201824188232},"size":1.1920119524002076,"orthographic":false}