{"cameraMode":{"drawMode":0,"name":"Shaded","section":"Shading Mode"},"sceneLighting":false,"audioPlay":false,"sceneViewState":{"showFog":true,"showMaterialUpdate":true,"showSkybox":false,"showFlares":true,"showImageEffects":true,"showParticleSystems":true},"in2DMode":false,"pivot":{"x":-8.106568336486817,"y":0.13786478340625764,"z":7.264391899108887},"rotation":{"x":0.2015814632177353,"y":0.7407088279724121,"z":-0.25371167063713076,"w":0.588516891002655},"size":0.3101341426372528,"orthographic":false}