{"cameraMode":{"drawMode":0,"name":"Shaded","section":"Shading Mode"},"sceneLighting":false,"audioPlay":false,"sceneViewState":{"showFog":true,"showMaterialUpdate":false,"showSkybox":false,"showFlares":true,"showImageEffects":true,"showParticleSystems":true},"in2DMode":false,"pivot":{"x":-0.4231131076812744,"y":2.2554898262023927,"z":0.3564012050628662},"rotation":{"x":-0.014601847156882286,"y":-0.9938726425170898,"z":0.10966797918081284,"w":0.005315061192959547},"size":12.177047729492188,"orthographic":false}