{"cameraMode":{"drawMode":0,"name":"Shaded","section":"Shading Mode"},"sceneLighting":false,"audioPlay":false,"sceneViewState":{"showFog":true,"showMaterialUpdate":false,"showSkybox":false,"showFlares":true,"showImageEffects":true,"showParticleSystems":true},"in2DMode":false,"pivot":{"x":-9.103316307067871,"y":0.005437668412923813,"z":11.918438911437989},"rotation":{"x":-0.28810906410217287,"y":-0.3566407561302185,"z":0.0993369072675705,"w":-0.8832030296325684},"size":1.931670069694519,"orthographic":false}