{"cameraMode":{"drawMode":0,"name":"Shaded","section":"Shading Mode"},"sceneLighting":false,"audioPlay":false,"sceneViewState":{"showFog":true,"showMaterialUpdate":false,"showSkybox":false,"showFlares":true,"showImageEffects":true,"showParticleSystems":true},"in2DMode":false,"pivot":{"x":-2.4327926635742189,"y":0.6252584457397461,"z":3.576420307159424},"rotation":{"x":-0.007200585678219795,"y":-0.9694868922233582,"z":0.24404504895210267,"w":0.031917013227939609},"size":1.6089788675308228,"orthographic":false}