{"cameraMode":{"drawMode":0,"name":"Shaded","section":"Shading Mode"},"sceneLighting":false,"audioPlay":false,"sceneViewState":{"showFog":true,"showMaterialUpdate":true,"showSkybox":false,"showFlares":true,"showImageEffects":true,"showParticleSystems":true},"in2DMode":false,"pivot":{"x":-8.511025428771973,"y":-0.07591231167316437,"z":8.186948776245118},"rotation":{"x":0.10600342601537705,"y":0.8082345724105835,"z":-0.15336817502975465,"w":0.5586884617805481},"size":0.6134197115898132,"orthographic":false}